"image","xmin","ymin","xmax","ymax","label"
"T10.jpg",2244.857142857143,1169.7662337662339,2472.0779220779223,1384.3636363636365,"Insulator"
"T10.jpg",3654.4675324675327,1910.3376623376623,3932.1818181818185,2171.220779220779,"Insulator"
"T10.jpg",1163.4545454545455,2225.9220779220777,1436.9610389610389,2482.5974025974024,"Insulator"
"T10.jpg",2249.064935064935,1422.2337662337663,3099.038961038961,3883.792207792208,"Pole"
"T0.jpg",2661.4285714285716,1481.142857142857,2930.727272727273,1800.935064935065,"Insulator"
"T0.jpg",2581.4805194805194,1927.1688311688313,2888.6493506493507,2217.506493506494,"Insulator"
"T0.jpg",2581.4805194805194,1927.1688311688313,2888.6493506493507,2217.506493506494,"Pole"
"T0.jpg",2514.155844155844,1636.831168831169,2964.3896103896104,2032.3636363636365,"Pole"
"100.jpg",654.3116883116883,1237.090909090909,1609.4805194805194,2179.6363636363635,"Light"
"100.jpg",2699.2987012987014,4.207792207792208,3069.5844155844156,3888.0000000000005,"Pole"
"T1.jpg",1558.987012987013,1746.2337662337663,1760.961038961039,1939.7922077922078,"Insulator"
"T1.jpg",2556.2337662337663,1384.3636363636365,2762.4155844155844,1590.5454545454547,"Insulator"
"T1.jpg",3566.103896103896,1426.4415584415585,3763.87012987013,1636.831168831169,"Insulator"
"T1.jpg",2530.987012987013,1607.3766233766235,3406.207792207792,3871.1688311688313,"Pole"
"T100.jpg",0,1392.7792207792209,662.7272727272727,1956.6233766233768,"Light"
"T100.jpg",2716.12987012987,273.5064935064935,3334.6753246753246,2095.4805194805194,"Pole"
"T103.jpg",4028.961038961039,2478.3896103896104,4769.532467532467,3000.155844155844,"Light"
"T103.jpg",2295.3506493506493,597.5064935064935,2623.5584415584417,3858.5454545454545,"Pole"
"T103.jpg",2653.012987012987,2465.7662337662337,3019.0909090909095,3854.3376623376626,"Pole"
"T103.jpg",2581.4805194805194,1628.4155844155844,2720.337662337662,1754.6493506493507,"Insulator"
"T103.jpg",2581.4805194805194,1746.2337662337663,2732.961038961039,1859.844155844156,"Insulator"
"T103.jpg",2589.896103896104,1864.051948051948,2724.5454545454545,1977.6623376623377,"Insulator"
"T102.jpg",2362.6753246753246,1666.2857142857142,2825.5324675324673,3888,"Pole"
"T102.jpg",2421.5844155844156,4.207792207792208,2737.1688311688313,1674.7012987012988,"Pole"
"T101.jpg",0,2078.6493506493507,553.3246753246754,2503.6363636363635,"Light"
"T101.jpg",2505.7402597402597,698.4935064935065,2791.87012987013,3888,"Pole"
"T101.jpg",2345.844155844156,1981.8701298701299,2476.285714285714,2112.311688311688,"Insulator"
"T101.jpg",2320.597402597403,1843.012987012987,2480.4935064935066,1969.246753246753,"Insulator"
"T101.jpg",2329.012987012987,1695.7402597402597,2476.2857142857147,1847.2207792207791,"Insulator"
"T105.jpg",2223.818181818182,0,2796.0779220779223,3147.4285714285716,"Pole"
"T104.jpg",2457.3506493506493,214.5974025974026,2854.987012987013,3871.1688311688313,"Pole"
"T107.jpg",2139.662337662338,589.0909090909091,2362.675324675325,858.3896103896104,"Insulator"
"T107.jpg",2623.5584415584417,589.0909090909091,2842.3636363636365,824.7272727272727,"Insulator"
"T107.jpg",2425.792207792208,1460.1038961038962,2657.2207792207796,1691.5324675324678,"Insulator"
"T107.jpg",2732.961038961039,2815.012987012987,2968.5974025974024,3067.4805194805194,"Insulator"
"T107.jpg",2257.4805194805194,2836.051948051948,2488.909090909091,3071.6883116883114,"Insulator"
"T107.jpg",4626.467532467533,1708.3636363636365,5184,2150.1818181818185,"Light"
"T107.jpg",1277.064935064935,1182.3896103896104,1836.7012987012986,1632.6233766233768,"Pole"
"T107.jpg",2358.4675324675327,1645.2467532467533,2737.1688311688313,2023.9480519480521,"Pole"
"T110.jpg",3940.597402597403,2739.2727272727275,4542.311688311689,3071.688311688312,"Light"
"T110.jpg",2320.597402597403,2095.4805194805194,2514.1558441558445,2310.0779220779223,"Insulator"
"T110.jpg",2640.3896103896104,2103.896103896104,2842.3636363636365,2318.493506493506,"Insulator"
"T110.jpg",2472.0779220779223,1157.142857142857,2644.597402597403,1359.1168831168832,"Insulator"
"T110.jpg",2615.1428571428573,875.2207792207793,2770.831168831169,1089.818181818182,"Insulator"
"T110.jpg",2299.5584415584417,849.974025974026,2472.0779220779223,1060.3636363636363,"Insulator"
"T110.jpg",1681.012987012987,3147.4285714285716,2009.2207792207791,3875.3766233766237,"Pole"
"T110.jpg",2240.6493506493507,1380.155844155844,2686.6753246753246,3845.9220779220777,"Pole"
"T110.jpg",2432.103896103896,2289.038961038961,2547.818181818182,2575.1688311688313,"Insulator"
"T106.jpg",2392.12987012987,1695.7402597402597,2690.883116883117,2032.3636363636365,"Insulator"
"T106.jpg",2417.3766233766232,1245.5064935064936,2732.961038961039,1552.6753246753246,"Insulator"
"T106.jpg",2387.9220779220786,1274.961038961039,3991.09090909091,1687.3246753246754,"Pole"
"T108.jpg",2472.0779220779223,0,3073.792207792208,2625.662337662338,"Pole"
"T11.jpg",2570.961038961039,1022.4935064935065,2821.324675324676,1249.7142857142858,"Insulator"
"T11.jpg",2615.1428571428573,732.1558441558442,2876.0259740259744,980.4155844155845,"Insulator"
"T11.jpg",2509.948051948052,1106.6493506493507,2892.857142857143,3854.3376623376626,"Pole"
"T112.jpg",2190.155844155844,1531.6363636363637,2594.103896103896,1939.7922077922078,"Pole"
"T113.jpg",2021.844155844156,1241.2987012987014,2282.727272727273,1523.2207792207794,"Insulator"
"T113.jpg",2392.12987012987,1030.909090909091,2602.5194805194806,1312.831168831169,"Insulator"
"T113.jpg",2884.4415584415583,1843.012987012987,3078,2120.7272727272725,"Insulator"
"T113.jpg",3444.0779220779223,2516.2597402597403,3688.12987012987,2768.727272727273,"Insulator"
"T113.jpg",3103.246753246753,2709.818181818182,3317.8441558441555,2966.4935064935066,"Insulator"
"T113.jpg",2653.012987012987,1729.4025974025974,3023.2987012987014,3888,"Pole"
"T111.jpg",3940.597402597403,841.5584415584416,4512.857142857143,1169.7662337662339,"Light"
"T111.jpg",1676.8051948051948,1262.3376623376623,2034.4675324675325,3319.948051948052,"Pole"
"T111.jpg",2312.181818181818,218.80519480519482,2484.7012987012986,424.98701298701303,"Insulator"
"T111.jpg",2627.7662337662337,223.01298701298703,2787.6623376623374,433.4025974025974,"Insulator"
"T111.jpg",2152.285714285714,0,2665.6363636363635,3732.311688311688,"Pole"
"T111.jpg",2400.5454545454545,416.57142857142856,2522.5714285714284,681.6623376623377,"Insulator"
"T114.jpg",494.4155844155844,1834.5974025974026,1188.7012987012988,2368.9870129870133,"Light"
"T114.jpg",3056.961038961039,387.1168831168831,3275.7662337662337,639.5844155844156,"Insulator"
"T114.jpg",3414.6233766233768,172.5194805194805,3616.597402597403,450.23376623376623,"Insulator"
"T114.jpg",2610.935064935065,0,3002.2597402597403,3854.3376623376626,"Pole"
"T114.jpg",3456.7012987012986,1876.6753246753246,3970.051948051948,3854.3376623376626,"Pole"
"T118.jpg",2648.805194805195,1430.6493506493507,2981.220779220779,1695.7402597402597,"Insulator"
"T118.jpg",2631.974025974026,1712.5714285714287,2943.3506493506493,1939.7922077922078,"Insulator"
"T118.jpg",2657.220779220779,1973.4545454545455,2951.7662337662337,2167.012987012987,"Insulator"
"T118.jpg",2430,626.961038961039,2678.2597402597403,892.0519480519481,"Insulator"
"T118.jpg",2455.246753246753,950.961038961039,2699.298701298701,1131.8961038961038,"Insulator"
"T118.jpg",2501.5324675324678,1186.5974025974026,2749.792207792208,1375.948051948052,"Insulator"
"T118.jpg",2093.3766233766232,1106.6493506493507,2404.7532467532465,2566.753246753247,"Pole"
"T115.jpg",2535.194805194805,1792.5194805194806,3048.5454545454545,2356.3636363636365,"Pole"
"T116.jpg",1832.4935064935066,593.2987012987013,2329.012987012987,761.6103896103896,"Insulator"
"T116.jpg",1857.7402597402597,1144.5194805194806,2371.090909090909,1346.4935064935066,"Insulator"
"T116.jpg",1912.4415584415585,1708.3636363636365,2451.038961038961,1922.961038961039,"Insulator"
"T116.jpg",2762.4155844155844,2326.909090909091,2972.805194805195,2608.8311688311687,"Insulator"
"T116.jpg",2737.1688311688313,1746.2337662337663,2943.3506493506493,1998.7012987012988,"Insulator"
"T116.jpg",2703.5064935064934,1203.4285714285716,2892.8571428571427,1443.2727272727275,"Insulator"
"T116.jpg",2661.4285714285716,349.24675324675326,3225.2727272727275,3749.142857142857,"Pole"
"T119.jpg",2194.3636363636365,4.207792207792208,2775.038961038961,2756.103896103896,"Pole"
"T117.jpg",2320.597402597403,719.5324675324675,2568.857142857143,1018.2857142857142,"Insulator"
"T117.jpg",2341.6363636363635,1072.987012987013,2585.6883116883114,1333.8701298701299,"Insulator"
"T117.jpg",2341.6363636363635,1094.025974025974,3284.181818181818,3875.3766233766232,"Pole"
"T122.jpg",2160.7012987012986,4.207792207792208,2821.3246753246754,3879.5844155844156,"Pole"
"T121.jpg",2646.7012987012986,820.5194805194806,3221.064935064935,3702.857142857143,"Pole"
"T121.jpg",2530.987012987013,16.83116883116883,2972.805194805195,3597.6623376623374,"Pole"
"T12.jpg",2341.6363636363635,4.207792207792208,3002.2597402597403,3888.0000000000005,"Pole"
"T123.jpg",2566.753246753247,58.90909090909091,2758.2077922077924,349.2467532467532,"Insulator"
"T123.jpg",2493.116883116883,4.207792207792208,3431.454545454545,3282.0779220779223,"Pole"
"T120.jpg",2051.2987012987014,862.5974025974026,2850.779220779221,3883.7922077922076,"Pole"
"T125.jpg",2535.194805194805,1775.6883116883116,2880.2337662337663,2108.103896103896,"Insulator"
"T125.jpg",1378.051948051948,1687.3246753246754,2812.909090909091,2453.1428571428573,"Pole"
"T124.jpg",3338.883116883117,8.415584415584416,3845.922077922078,2873.9220779220777,"Pole"
"T124.jpg",2261.688311688312,8.415584415584416,2829.7402597402597,2562.5454545454545,"Pole"
"T127.jpg",1975.5584415584417,16.83116883116883,3136.909090909091,3850.12987012987,"Pole"
"T126.jpg",2812.909090909091,597.5064935064935,3115.87012987013,929.922077922078,"Insulator"
"T126.jpg",2215.4025974025976,1022.4935064935065,3052.753246753247,3841.714285714286,"Pole"
"T128.jpg",2219.6103896103896,572.2597402597403,2564.6493506493507,929.922077922078,"Insulator"
"T128.jpg",2350.051948051948,601.7142857142858,3246.311688311688,3862.753246753247,"Pole"
"T13.jpg",2337.4285714285716,837.3506493506494,3006.4675324675327,3888,"Pole"
"T13.jpg",2371.090909090909,2722.4415584415583,2598.311688311688,3038.025974025974,"Insulator"
"T132.jpg",2648.805194805195,2053.4025974025976,2871.818181818182,2263.792207792208,"Insulator"
"T132.jpg",2749.792207792208,1800.935064935065,2918.103896103896,1998.7012987012986,"Insulator"
"T132.jpg",2699.2987012987014,1106.6493506493507,3031.714285714286,2099.688311688312,"Pole"
"T130.jpg",2055.5064935064934,21.03896103896104,2804.493506493506,3888,"Pole"
"T129.jpg",2118.6233766233768,16.83116883116883,3301.012987012987,3652.3636363636365,"Pole"
"T131.jpg",2488.909090909091,854.1818181818182,2943.3506493506493,3866.961038961039,"Pole"
"T133.jpg",797.3766233766233,2032.3636363636365,1058.2597402597403,2339.5324675324678,"Insulator"
"T133.jpg",2387.922077922078,1956.6233766233765,2581.48051948052,2276.4155844155844,"Insulator"
"T133.jpg",3961.6363636363635,1893.5064935064936,4159.402597402597,2175.4285714285716,"Insulator"
"T133.jpg",3061.1688311688313,3122.181818181818,3305.220779220779,3580.8311688311687,"Insulator"
"T133.jpg",2863.4025974025976,3395.688311688312,3027.506493506494,3715.4805194805194,"Insulator"
"T133.jpg",1790.4155844155844,3576.6233766233768,2097.5844155844156,3871.1688311688313,"Insulator"
"T133.jpg",2324.805194805195,2343.7402597402597,2796.0779220779223,3888,"Pole"
"T135.jpg",2272.2077922077924,1864.051948051948,2570.9610389610393,2175.4285714285716,"Pole"
"T137.jpg",2379.5064935064934,54.701298701298704,3014.8831168831166,3576.6233766233768,"Pole"
"T136.jpg",2463.6623376623384,681.6623376623377,2760.3116883116886,963.5844155844156,"Insulator"
"T136.jpg",2421.5844155844156,1043.5324675324675,2918.103896103896,3871.1688311688313,"Pole"
"T134.jpg",2236.4415584415583,16.83116883116883,3120.077922077922,3888,"Pole"
"T141.jpg",2392.12987012987,845.7662337662338,2606.727272727273,1089.8181818181818,"Insulator"
"T141.jpg",2724.5454545454545,871.0129870129871,2985.4285714285716,1106.6493506493507,"Insulator"
"T141.jpg",2333.220779220779,1026.7012987012988,2833.948051948052,3824.8831168831166,"Pole"
"T140.jpg",2333.220779220779,694.2857142857143,2829.7402597402597,3862.753246753247,"Pole"
"T139.jpg",2446.8311688311687,1384.3636363636365,2842.363636363636,3829.0909090909095,"Pole"
"T138.jpg",2493.116883116883,576.4675324675325,2745.584415584415,875.2207792207791,"Insulator"
"T138.jpg",2291.1428571428573,828.9350649350649,3031.714285714286,3888,"Pole"
"T14.jpg",2169.116883116883,538.5974025974026,2467.87012987013,849.9740259740261,"Insulator"
"T14.jpg",2063.9220779220777,875.2207792207793,2648.805194805195,3808.051948051948,"Pole"
"T145.jpg",2156.4935064935066,626.961038961039,3056.961038961039,3850.12987012987,"Pole"
"T143.jpg",2249.064935064935,12.623376623376624,2745.5844155844156,2840.2597402597403,"Pole"
"T142.jpg",2236.4415584415583,4.207792207792208,2842.363636363636,3888.0000000000005,"Pole"
"T146.jpg",2442.6233766233768,12.623376623376624,3271.5584415584417,3408.3116883116886,"Pole"
"T144.jpg",2219.6103896103896,1460.1038961038962,3071.688311688312,2448.935064935065,"Pole"
"T149.jpg",1794.6233766233765,1018.2857142857143,2812.909090909091,1519.0129870129872,"Pole"
"T149.jpg",2707.714285714286,1868.2597402597403,3120.0779220779223,2373.194805194805,"Insulator"
"T149.jpg",3469.3246753246754,1102.4415584415585,4003.714285714286,1519.0129870129872,"Insulator"
"T147.jpg",1197.1168831168832,1792.5194805194806,1445.3766233766235,2087.064935064935,"Insulator"
"T147.jpg",1289.6883116883116,2217.5064935064934,1596.8571428571427,2507.8441558441555,"Insulator"
"T147.jpg",2400.5454545454545,1216.051948051948,2669.844155844156,1519.0129870129872,"Insulator"
"T147.jpg",2329.012987012987,896.2597402597403,2585.688311688312,1178.1818181818182,"Insulator"
"T147.jpg",3633.4285714285716,1152.935064935065,3881.688311688312,1430.6493506493507,"Insulator"
"T147.jpg",3742.8311688311687,1523.2207792207791,3991.090909090909,1771.4805194805194,"Insulator"
"T147.jpg",2337.4285714285716,1258.1298701298701,3069.5844155844156,3879.5844155844156,"Pole"
"T15.jpg",549.1168831168832,673.2467532467533,1609.4805194805197,1060.3636363636365,"Insulator"
"T15.jpg",254.57142857142858,1872.4675324675325,1070.8831168831168,2150.181818181818,"Insulator"
"T15.jpg",94.67532467532467,3088.5194805194806,662.7272727272727,3416.727272727273,"Insulator"
"T15.jpg",683.7662337662338,2899.1688311688313,953.0649350649351,3395.688311688312,"Insulator"
"T15.jpg",3130.597402597403,2995.948051948052,3416.727272727273,3446.1818181818185,"Insulator"
"T15.jpg",1882.987012987013,2958.0779220779223,2185.948051948052,3399.8961038961043,"Insulator"
"T15.jpg",1946.1038961038962,1956.6233766233765,2396.3376623376626,2373.194805194805,"Pole"
"T15.jpg",2455.246753246753,1813.558441558442,2722.4415584415583,2116.519480519481,"Insulator"
"T148.jpg",2573.064935064935,33.66233766233766,3099.038961038961,3728.1038961038957,"Pole"
"T148.jpg",3128.4935064935066,547.012987012987,3284.1818181818185,744.7792207792207,"Insulator"
"T150.jpg",2371.090909090909,1371.7402597402597,3187.402597402597,3875.3766233766232,"Pole"
"T154.jpg",843.6623376623377,1649.4545454545455,1213.948051948052,2036.5714285714287,"Insulator"
"T154.jpg",2152.285714285714,904.6753246753246,2493.116883116883,1342.2857142857142,"Insulator"
"T154.jpg",3505.090909090909,887.8441558441558,3780.7012987012986,1300.2077922077922,"Insulator"
"T154.jpg",2211.194805194805,1308.6233766233765,2690.883116883117,3829.090909090909,"Pole"
"T154.jpg",0,1422.2337662337663,401.84415584415586,2087.064935064935,"Light"
"T155.jpg",1592.6493506493507,1910.3376623376623,2038.6753246753246,3888,"Pole"
"T155.jpg",2232.2337662337663,16.83116883116883,2926.5194805194806,3854.337662337662,"Pole"
"T153.jpg",1962.935064935065,1817.7662337662339,2770.8311688311687,2398.4415584415583,"Pole"
"T153.jpg",2084.961038961039,1569.5064935064936,2350.051948051948,1838.8051948051948,"Insulator"
"T153.jpg",3486.155844155844,1636.831168831169,3763.87012987013,1952.4155844155846,"Insulator"
"T153.jpg",687.974025974026,1519.012987012987,986.7272727272727,1838.8051948051948,"Insulator"
"T151.jpg",2345.844155844156,0,2749.792207792208,2916,"Pole"
"T152.jpg",2240.6493506493507,4.207792207792208,3183.194805194805,3854.3376623376626,"Pole"
"T157.jpg",1988.1818181818182,0,2943.3506493506493,3231.5844155844156,"Pole"
"T158.jpg",671.1428571428571,1636.831168831169,1028.8051948051948,2087.064935064935,"Insulator"
"T158.jpg",2253.2727272727275,1455.896103896104,2589.8961038961043,1851.4285714285716,"Insulator"
"T158.jpg",3869.064935064935,1729.4025974025974,4176.233766233766,2116.5194805194806,"Insulator"
"T158.jpg",2169.116883116883,1195.012987012987,2804.493506493506,3888,"Pole"
"T156.jpg",1643.142857142857,0,2152.285714285714,3307.3246753246754,"Pole"
"T156.jpg",2373.194805194805,4.207792207792208,2888.6493506493507,3618.701298701299,"Pole"
"T159.jpg",2724.5454545454545,1144.5194805194806,2989.6363636363635,1430.6493506493507,"Insulator"
"T159.jpg",2724.5454545454545,1468.5194805194806,2964.3896103896104,1683.1168831168832,"Insulator"
"T159.jpg",2122.8311688311687,1548.4675324675325,2951.7662337662337,3862.7532467532465,"Pole"
"T16.jpg",2009.2207792207791,572.2597402597403,2585.688311688312,1291.7922077922078,"Light"
"T16.jpg",1352.8051948051948,1380.155844155844,2173.3246753246754,1657.8701298701299,"Insulator"
"T16.jpg",1234.987012987013,2217.5064935064934,1941.8961038961038,2486.805194805195,"Insulator"
"T16.jpg",1752.5454545454545,2613.038961038961,2000.8051948051948,2945.4545454545455,"Insulator"
"T16.jpg",1138.2077922077922,3084.311688311688,1971.3506493506493,3408.311688311688,"Insulator"
"T16.jpg",2716.12987012987,2377.4025974025976,2977.012987012987,2772.9350649350654,"Insulator"
"T16.jpg",2505.7402597402597,2406.857142857143,2741.3766233766232,2680.3636363636365,"Insulator"
"T16.jpg",3625.012987012987,2221.714285714286,3902.727272727273,2596.2077922077924,"Insulator"
"T16.jpg",2905.4805194805194,1460.1038961038962,3191.6103896103896,1742.0259740259742,"Insulator"
"T16.jpg",2156.4935064935066,1489.5584415584415,2467.87012987013,1687.3246753246754,"Insulator"
"T16.jpg",2564.6493506493507,1699.948051948052,3288.3896103896104,3862.7532467532465,"Pole"
"T164.jpg",1361.2207792207791,1035.1168831168832,1672.5974025974026,1367.5324675324675,"Insulator"
"T164.jpg",2745.5844155844156,1443.2727272727273,3048.5454545454545,1712.5714285714284,"Insulator"
"T164.jpg",4104.701298701299,1018.2857142857143,4420.285714285714,1363.3246753246754,"Insulator"
"T164.jpg",2707.714285714286,786.8571428571429,3237.8961038961043,1476.935064935065,"Pole"
"T160.jpg",3856.4415584415583,1350.7012987012988,4828.441558441558,2507.844155844156,"Light"
"T160.jpg",2829.7402597402597,1704.155844155844,3347.2987012987014,3888,"Pole"
"T160.jpg",2034.4675324675325,16.83116883116883,2791.87012987013,3757.5584415584417,"Pole"
"T162.jpg",2539.4025974025976,1960.831168831169,2707.714285714286,2112.3116883116886,"Insulator"
"T162.jpg",2518.3636363636365,1737.8181818181818,2690.883116883117,1910.3376623376623,"Insulator"
"T162.jpg",3271.5584415584417,1821.974025974026,3435.662337662338,1998.7012987012988,"Insulator"
"T162.jpg",3237.896103896104,2061.818181818182,3410.4155844155844,2259.5844155844156,"Insulator"
"T162.jpg",1840.909090909091,1611.5844155844156,2000.8051948051948,1817.7662337662339,"Insulator"
"T161.jpg",2249.064935064935,648,2686.6753246753246,3888,"Pole"
"T161.jpg",3141.116883116883,812.1038961038961,3688.12987012987,1199.2207792207791,"Insulator"
"T161.jpg",2636.181818181818,1645.2467532467533,2985.428571428571,2015.5324675324675,"Insulator"
"T163.jpg",2329.012987012987,0,2787.662337662338,3467.220779220779,"Pole"
"T163.jpg",2787.662337662338,795.2727272727273,2968.597402597403,938.3376623376623,"Insulator"
"T163.jpg",2812.909090909091,938.3376623376623,2945.4545454545455,1060.3636363636363,"Insulator"
"T163.jpg",2791.87012987013,1056.155844155844,2951.7662337662337,1182.3896103896104,"Insulator"
"T165.jpg",1483.2467532467533,1754.6493506493507,1676.8051948051948,2019.7402597402597,"Insulator"
"T165.jpg",2514.155844155844,2284.8311688311687,2749.7922077922076,2495.220779220779,"Insulator"
"T165.jpg",3620.805194805195,2099.688311688312,3826.987012987013,2339.5324675324678,"Insulator"
"T165.jpg",2446.8311688311687,2061.818181818182,2955.974025974026,2339.5324675324678,"Pole"
"T167.jpg",1335.974025974026,950.961038961039,1596.857142857143,1245.5064935064936,"Insulator"
"T167.jpg",2568.857142857143,576.4675324675325,2825.5324675324678,833.1428571428571,"Insulator"
"T167.jpg",3612.3896103896104,1556.8831168831168,3852.2337662337663,1851.4285714285713,"Insulator"
"T167.jpg",2379.5064935064934,917.2987012987013,2888.6493506493507,3837.506493506494,"Pole"
"T168.jpg",3616.597402597403,75.74025974025975,3873.2727272727275,361.87012987012986,"Insulator"
"T168.jpg",2480.4935064935066,117.81818181818181,2825.5324675324678,3837.506493506494,"Pole"
"T169.jpg",2072.3376623376626,4.207792207792208,3242.1038961038967,3799.636363636364,"Pole"
"T166.jpg",1912.4415584415585,2066.025974025974,2135.4545454545455,2284.8311688311687,"Insulator"
"T166.jpg",2631.974025974026,1047.7402597402597,2825.5324675324678,1274.9610389610389,"Insulator"
"T166.jpg",2699.2987012987014,412.3636363636364,2905.4805194805194,643.7922077922078,"Insulator"
"T166.jpg",2368.987012987013,1186.5974025974026,2732.961038961039,3189.506493506494,"Pole"
"T172.jpg",1028.8051948051948,429.1948051948052,1365.4285714285716,892.0519480519481,"Insulator"
"T172.jpg",2240.6493506493507,458.64935064935065,2505.7402597402597,824.7272727272727,"Insulator"
"T172.jpg",3595.5584415584417,938.3376623376623,3881.688311688312,1300.2077922077922,"Insulator"
"T172.jpg",2215.4025974025976,357.6623376623377,2665.636363636364,3202.12987012987,"Pole"
"T172.jpg",2446.8311688311687,3189.5064935064934,2884.4415584415583,3866.961038961039,"Pole"
"T173.jpg",2341.6363636363635,871.0129870129871,2846.5714285714284,3875.3766233766237,"Pole"
"T173.jpg",2076.5454545454545,8.415584415584416,2518.3636363636365,929.9220779220778,"Pole"
"T170.jpg",1134,1687.3246753246754,1386.4675324675325,2002.909090909091,"Insulator"
"T170.jpg",2274.311688311688,2200.6753246753246,2581.4805194805194,2444.7272727272725,"Insulator"
"T170.jpg",3469.3246753246754,1821.974025974026,3713.3766233766232,2078.6493506493507,"Insulator"
"T170.jpg",2724.5454545454545,3054.857142857143,3115.87012987013,3757.5584415584417,"Pole"
"T170.jpg",2244.857142857143,1960.831168831169,2695.0909090909095,2263.792207792208,"Pole"
"T17.jpg",2299.5584415584417,4.207792207792208,3351.506493506494,3071.688311688312,"Pole"
"T17.jpg",654.3116883116883,0,1516.909090909091,227.22077922077924,"Insulator"
"T171.jpg",2026.051948051948,0,2808.7012987012986,3858.5454545454545,"Pole"
"T178.jpg",4369.792207792208,740.5714285714286,5184,1392.7792207792209,"Light"
"T178.jpg",1512.7012987012988,803.6883116883117,1954.5194805194806,1115.064935064935,"Insulator"
"T178.jpg",1668.3896103896104,1232.8831168831168,2072.3376623376626,1506.3896103896104,"Insulator"
"T178.jpg",1681.012987012987,1649.4545454545455,2177.5324675324673,1931.3766233766235,"Insulator"
"T178.jpg",2573.064935064935,1430.6493506493507,2905.4805194805194,1821.974025974026,"Insulator"
"T178.jpg",2724.5454545454545,1927.1688311688313,3040.12987012987,2234.3376623376626,"Insulator"
"T178.jpg",2863.4025974025976,2293.246753246753,3162.1558441558445,2642.493506493506,"Insulator"
"T178.jpg",2177.5324675324678,828.9350649350649,3351.506493506494,3879.5844155844156,"Pole"
"T176.jpg",1878.7792207792209,589.0909090909091,2215.4025974025976,997.2467532467533,"Insulator"
"T176.jpg",2430,0,3019.090909090909,3841.714285714286,"Pole"
"T176.jpg",1003.5584415584416,0,1487.4545454545455,3168.4675324675327,"Pole"
"T177.jpg",1163.4545454545455,1666.2857142857142,1819.8701298701299,2019.7402597402597,"Insulator"
"T177.jpg",1798.831168831169,2587.792207792208,2009.2207792207794,2979.1168831168834,"Insulator"
"T177.jpg",2097.5844155844156,2629.87012987013,2291.1428571428573,3025.402597402597,"Insulator"
"T177.jpg",1967.142857142857,2663.5324675324678,2139.6623376623374,2979.1168831168834,"Insulator"
"T177.jpg",4214.103896103896,1577.922077922078,5022,2044.987012987013,"Light"
"T177.jpg",1672.5974025974026,1910.3376623376623,3612.3896103896104,2385.818181818182,"Pole"
"T174.jpg",2446.8311688311687,1077.1948051948052,2754,1544.2597402597403,"Insulator"
"T174.jpg",3751.246753246753,1253.922077922078,4079.4545454545455,1628.4155844155844,"Insulator"
"T174.jpg",1845.1168831168832,2886.5454545454545,2114.4155844155844,3248.4155844155844,"Insulator"
"T174.jpg",2484.7012987012986,1430.6493506493507,2972.805194805195,3862.753246753247,"Pole"
"T174.jpg",919.4025974025974,1973.4545454545455,1420.1298701298701,3888,"Pole"
"T175.jpg",1213.948051948052,1346.4935064935066,1529.5324675324675,1708.3636363636365,"Insulator"
"T175.jpg",2497.3246753246754,1523.2207792207791,2775.038961038961,1847.2207792207791,"Insulator"
"T175.jpg",3730.2077922077924,1346.4935064935066,4024.753246753247,1670.4935064935066,"Insulator"
"T175.jpg",2455.246753246753,1636.831168831169,2892.8571428571427,3820.675324675325,"Pole"
"T179.jpg",2913.896103896104,1910.3376623376623,3263.142857142857,2221.714285714286,"Pole"
"T179.jpg",2939.1428571428573,1851.4285714285718,3212.6493506493507,2099.688311688312,"Insulator"
"T179.jpg",2977.0129870129877,2171.220779220779,3216.8571428571436,2390.025974025974,"Insulator"
"T182.jpg",132.54545454545456,2099.688311688312,1011.9740259740261,2844.4675324675327,"Light"
"T182.jpg",2093.3766233766232,8.415584415584416,3141.116883116883,3837.5064935064934,"Pole"
"T182.jpg",2497.3246753246754,551.2207792207793,2674.051948051948,757.4025974025974,"Insulator"
"T182.jpg",2497.3246753246754,732.1558441558442,2631.974025974026,883.6363636363637,"Insulator"
"T180.jpg",2270.103896103896,155.6883116883117,2560.4415584415583,500.72727272727275,"Insulator"
"T180.jpg",1125.5844155844156,0,1718.883116883117,197.76623376623377,"Insulator"
"T180.jpg",2324.805194805195,568.0519480519481,2682.4675324675327,892.0519480519481,"Insulator"
"T180.jpg",1929.2727272727273,0,3233.688311688312,3042.2337662337663,"Pole"
"T18.jpg",3755.4545454545455,2019.7402597402597,4500.233766233766,2592,"Insulator"
"T18.jpg",3246.311688311688,2747.688311688312,3810.155844155844,3218.961038961039,"Insulator"
"T18.jpg",2459.4545454545455,3328.3636363636365,3162.155844155844,3858.545454545455,"Insulator"
"T18.jpg",1929.2727272727273,1931.3766233766235,2678.2597402597403,3824.883116883117,"Pole"
"T18.jpg",1933.4805194805194,879.4285714285714,2240.6493506493507,1224.4675324675325,"Insulator"
"T18.jpg",2783.4545454545455,1262.3376623376623,3061.1688311688313,1657.8701298701299,"Insulator"
"T18.jpg",3608.181818181818,1742.0259740259742,3890.1038961038957,2112.3116883116886,"Insulator"
"T181.jpg",2000.8051948051948,942.5454545454545,2421.5844155844156,1333.8701298701299,"Insulator"
"T181.jpg",1861.948051948052,1607.3766233766235,2228.025974025974,1990.2857142857144,"Insulator"
"T181.jpg",1731.5064935064936,2213.2987012987014,2114.4155844155844,2604.6233766233768,"Insulator"
"T181.jpg",3263.1428571428573,1426.4415584415585,3637.636363636364,1796.7272727272727,"Insulator"
"T181.jpg",3078,2108.103896103896,3486.155844155844,2453.1428571428573,"Insulator"
"T181.jpg",2947.5584415584417,2709.818181818182,3465.1168831168834,3067.4805194805194,"Insulator"
"T181.jpg",1971.3506493506493,1270.7532467532467,2892.8571428571427,3854.3376623376626,"Pole"
"T183.jpg",1462.2077922077922,1308.6233766233765,1866.155844155844,1674.7012987012986,"Insulator"
"T183.jpg",1714.6753246753246,984.6233766233767,2139.6623376623374,1287.5844155844156,"Insulator"
"T183.jpg",2299.5584415584417,812.1038961038961,2850.779220779221,3888,"Pole"
"T187.jpg",2356.3636363636365,21.038961038961045,2821.3246753246754,3841.714285714286,"Pole"
"T185.jpg",1171.8701298701299,1157.142857142857,1382.2597402597403,1447.4805194805194,"Insulator"
"T185.jpg",1314.935064935065,736.3636363636364,1563.1948051948052,1085.6103896103896,"Insulator"
"T185.jpg",2341.6363636363635,917.2987012987013,2568.8571428571427,1148.7272727272727,"Insulator"
"T185.jpg",2526.779220779221,605.922077922078,2779.2467532467535,892.0519480519481,"Insulator"
"T185.jpg",3317.844155844156,849.974025974026,3675.506493506494,1312.8311688311687,"Insulator"
"T185.jpg",3759.662337662338,1388.5714285714287,4016.3376623376626,1620,"Insulator"
"T185.jpg",3545.064935064935,1767.2727272727273,3843.818181818182,2032.3636363636365,"Insulator"
"T185.jpg",2695.090909090909,2562.5454545454545,2993.844155844156,2970.7012987012986,"Insulator"
"T185.jpg",2446.8311688311687,3151.6363636363635,2791.87012987013,3534.5454545454545,"Insulator"
"T185.jpg",1045.6363636363637,2516.2597402597403,1479.0389610389611,2848.6753246753246,"Insulator"
"T185.jpg",1420.1298701298701,1636.831168831169,1815.6623376623377,1931.3766233766235,"Insulator"
"T186.jpg",2434.2077922077924,113.61038961038962,2766.6233766233768,525.974025974026,"Insulator"
"T186.jpg",2301.662337662338,345.038961038961,2749.792207792208,3854.3376623376626,"Pole"
"T184.jpg",1567.4025974025974,1725.1948051948052,1773.5844155844156,1948.2077922077922,"Insulator"
"T184.jpg",1567.4025974025974,2120.727272727273,1773.5844155844156,2310.0779220779223,"Insulator"
"T184.jpg",1765.1688311688313,2768.727272727273,2215.4025974025976,2987.5324675324678,"Insulator"
"T184.jpg",2682.4675324675327,1670.4935064935069,2880.2337662337663,1889.2987012987014,"Insulator"
"T184.jpg",2619.3506493506493,2002.909090909091,2838.155844155844,2213.2987012987014,"Insulator"
"T184.jpg",3755.4545454545455,1519.012987012987,3949.012987012987,1729.4025974025974,"Insulator"
"T184.jpg",3747.038961038961,1872.4675324675325,3949.012987012987,2124.935064935065,"Insulator"
"T184.jpg",2568.857142857143,1767.2727272727273,3200.0259740259744,2347.948051948052,"Pole"
"T184.jpg",3120.0779220779223,2373.194805194805,3414.6233766233768,2608.8311688311687,"Insulator"
"T184.jpg",3149.5324675324678,2916,3435.662337662338,3223.1688311688313,"Insulator"
"T184.jpg",1588.4415584415585,833.1428571428571,2055.506493506494,1085.6103896103896,"Insulator"
"T184.jpg",2955.974025974026,500.72727272727275,3208.4415584415583,791.0649350649351,"Insulator"
"T19.jpg",2535.194805194805,1868.2597402597403,3545.064935064935,2634.0779220779223,"Insulator"
"T19.jpg",3608.181818181818,1300.2077922077922,4327.714285714285,1830.3896103896104,"Insulator"
"T19.jpg",4323.506493506494,387.1168831168831,5144.025974025974,1001.4545454545455,"Insulator"
"T19.jpg",4104.701298701299,96.77922077922078,4458.155844155844,471.2727272727273,"Insulator"
"T19.jpg",2185.948051948052,159.8961038961039,2526.779220779221,458.64935064935065,"Insulator"
"T19.jpg",2833.948051948052,938.3376623376623,3103.2467532467535,1220.2597402597403,"Insulator"
"T19.jpg",1054.051948051948,3509.2987012987014,1601.064935064935,3888,"Light"
"T19.jpg",1794.6233766233765,260.8831168831169,2989.6363636363635,3833.2987012987014,"Pole"
"T191.jpg",2657.220779220779,265.0909090909091,3187.402597402597,597.5064935064936,"Insulator"
"T191.jpg",2152.285714285714,0,2695.090909090909,3862.753246753247,"Pole"
"T188.jpg",1411.7142857142858,824.7272727272727,1655.7662337662339,1102.4415584415585,"Insulator"
"T188.jpg",1230.7792207792209,1203.4285714285716,1445.3766233766235,1443.2727272727275,"Insulator"
"T188.jpg",2379.5064935064934,1068.7792207792209,2589.896103896104,1317.0389610389611,"Insulator"
"T188.jpg",2602.5194805194806,812.1038961038961,2808.7012987012986,1060.3636363636363,"Insulator"
"T188.jpg",3730.2077922077924,1632.6233766233765,3978.4675324675327,1944,"Insulator"
"T188.jpg",3549.2727272727275,2015.5324675324675,3755.4545454545455,2268,"Insulator"
"T188.jpg",3254.727272727273,2469.974025974026,3717.584415584416,2836.0519480519483,"Insulator"
"T188.jpg",2838.155844155844,3404.103896103896,3284.181818181818,3765.974025974026,"Insulator"
"T188.jpg",1390.6753246753246,2979.116883116883,1765.1688311688313,3345.194805194805,"Insulator"
"T188.jpg",2446.8311688311687,1165.5584415584415,2838.155844155844,3816.4675324675327,"Pole"
"T190.jpg",2442.6233766233768,837.3506493506494,2690.883116883117,1089.818181818182,"Insulator"
"T190.jpg",2488.909090909091,1140.3116883116884,2728.753246753247,1346.4935064935066,"Insulator"
"T190.jpg",2404.753246753247,1317.0389610389611,2749.792207792208,3854.3376623376626,"Pole"
"T189.jpg",586.987012987013,1615.7922077922078,1424.3376623376626,2251.1688311688313,"Insulator"
"T189.jpg",1979.7662337662339,3016.9870129870133,2455.2467532467535,3732.3116883116886,"Insulator"
"T189.jpg",1916.6493506493507,1018.2857142857143,3326.2597402597403,2516.2597402597403,"Pole"
"T193.jpg",1988.1818181818182,12.623376623376624,2901.2727272727275,3829.0909090909095,"Pole"
"T194.jpg",1357.012987012987,2617.246753246753,1668.3896103896104,3126.3896103896104,"Insulator"
"T194.jpg",2530.987012987013,2326.909090909091,2892.8571428571427,2886.5454545454545,"Insulator"
"T194.jpg",3692.3376623376626,2301.662337662338,4024.753246753247,2760.3116883116886,"Insulator"
"T194.jpg",2108.103896103896,1590.5454545454545,2724.5454545454545,2061.818181818182,"Pole"
"T192.jpg",2371.090909090909,0,3309.4285714285716,2970.7012987012986,"Pole"
"T195.jpg",957.2727272727273,1586.3376623376623,1302.3116883116882,1948.2077922077922,"Insulator"
"T195.jpg",2356.3636363636365,1039.3246753246754,2657.220779220779,1405.4025974025974,"Insulator"
"T195.jpg",3801.7402597402597,1434.857142857143,4125.74025974026,1771.4805194805194,"Insulator"
"T195.jpg",2274.311688311688,1506.3896103896104,2880.233766233766,3841.714285714286,"Pole"
"T196.jpg",2472.0779220779223,0,2922.3116883116886,3437.7662337662337,"Pole"
"T199.jpg",1180.2857142857142,824.7272727272727,1487.4545454545455,1426.4415584415585,"Insulator"
"T199.jpg",2484.7012987012986,1072.987012987013,2968.5974025974024,1615.7922077922078,"Insulator"
"T199.jpg",3839.6103896103896,1325.4545454545455,4319.298701298701,1843.0129870129872,"Insulator"
"T199.jpg",2240.6493506493507,2044.987012987013,2859.194805194805,3858.545454545455,"Pole"
"T197.jpg",1357.012987012987,1775.6883116883116,1710.4675324675325,2335.3246753246754,"Insulator"
"T197.jpg",2644.597402597403,1611.5844155844156,2993.844155844156,2091.2727272727275,"Insulator"
"T197.jpg",3873.2727272727275,1409.6103896103896,4251.9740259740265,1952.4155844155844,"Insulator"
"T197.jpg",2206.987012987013,744.7792207792207,2842.363636363636,3854.3376623376626,"Pole"
"T2.jpg",1908.2337662337663,8.415584415584416,3263.1428571428573,3454.5974025974024,"Pole"
"T2.jpg",2005.012987012987,92.57142857142857,2265.896103896104,315.5844155844156,"Insulator"
"T2.jpg",1386.4675324675325,12.623376623376624,1727.2987012987014,218.80519480519482,"Insulator"
"T2.jpg",1386.4675324675325,12.623376623376624,1727.2987012987014,218.80519480519482,"Pole"
"T198.jpg",2341.6363636363635,0,3014.8831168831166,2634.0779220779223,"Pole"
"T20.jpg",831.038961038961,1779.896103896104,1079.2987012987012,2167.012987012987,"Insulator"
"T20.jpg",2177.5324675324678,1758.857142857143,2499.4285714285716,2078.6493506493507,"Insulator"
"T20.jpg",3469.3246753246754,1901.922077922078,3734.4155844155844,2188.051948051948,"Insulator"
"T20.jpg",2009.2207792207791,2040.7792207792209,2543.6103896103896,2537.2987012987014,"Pole"
"T20.jpg",2581.4805194805194,1443.2727272727273,2947.5584415584417,2213.2987012987014,"Pole"
"T203.jpg",1256.025974025974,1237.090909090909,1571.6103896103896,1573.7142857142858,"Insulator"
"T203.jpg",2059.714285714286,858.3896103896104,2392.12987012987,1182.3896103896104,"Insulator"
"T203.jpg",2892.857142857143,504.93506493506493,3195.818181818182,828.9350649350649,"Insulator"
"T203.jpg",3229.4805194805194,871.0129870129871,3418.8311688311687,1127.6883116883118,"Insulator"
"T203.jpg",1992.3896103896104,1413.8181818181818,2219.6103896103896,1666.2857142857142,"Insulator"
"T203.jpg",1420.1298701298701,1662.077922077922,1626.3116883116884,1906.1298701298701,"Insulator"
"T203.jpg",1571.6103896103896,1927.1688311688313,1794.6233766233765,2158.597402597403,"Insulator"
"T203.jpg",1946.1038961038962,2373.194805194805,2350.0519480519483,2730.857142857143,"Insulator"
"T203.jpg",1070.8831168831168,2385.818181818182,1394.8831168831168,2692.9870129870133,"Insulator"
"T203.jpg",1819.8701298701299,2793.974025974026,2148.0779220779223,3126.3896103896104,"Insulator"
"T203.jpg",3090.6233766233768,2655.116883116883,3372.5454545454545,2907.584415584415,"Insulator"
"T203.jpg",2678.2597402597403,3176.883116883117,2960.181818181818,3526.12987012987,"Insulator"
"T203.jpg",2833.948051948052,2032.3636363636365,3183.194805194805,2398.4415584415588,"Insulator"
"T203.jpg",3688.12987012987,1603.1688311688313,4007.9220779220777,2044.987012987013,"Insulator"
"T203.jpg",2106,1451.6883116883116,2648.805194805195,3845.9220779220777,"Pole"
"T202.jpg",1739.922077922078,1485.3506493506493,1899.818181818182,1670.4935064935064,"Insulator"
"T202.jpg",1638.935064935065,1788.3116883116884,1798.8311688311687,2015.5324675324675,"Insulator"
"T202.jpg",1567.4025974025974,2225.9220779220777,1840.909090909091,2629.87012987013,"Insulator"
"T202.jpg",2430,2541.5064935064934,2720.3376623376626,2907.5844155844156,"Insulator"
"T202.jpg",3275.7662337662337,2793.974025974026,3545.064935064935,3160.0519480519483,"Insulator"
"T202.jpg",3452.4935064935066,2347.948051948052,3625.012987012987,2566.753246753247,"Insulator"
"T202.jpg",3545.064935064935,2049.194805194805,3709.1688311688313,2255.3766233766232,"Insulator"
"T202.jpg",3654.4675324675327,1451.6883116883116,3970.0519480519483,1817.7662337662337,"Insulator"
"T202.jpg",2817.116883116883,1199.2207792207791,3170.5714285714284,1535.844155844156,"Insulator"
"T202.jpg",2000.8051948051948,934.1298701298701,2303.7662337662337,1283.3766233766235,"Insulator"
"T202.jpg",2312.181818181818,1620,2505.7402597402597,1851.4285714285716,"Insulator"
"T202.jpg",1432.7532467532467,1270.7532467532467,1773.5844155844156,1527.4285714285713,"Insulator"
"T202.jpg",1617.896103896104,2103.896103896104,2013.4285714285716,2301.6623376623374,"Insulator"
"T202.jpg",1819.8701298701299,2848.6753246753246,2139.6623376623374,3139.0129870129867,"Insulator"
"T202.jpg",1925.064935064935,1834.5974025974026,2812.909090909091,2167.012987012987,"Pole"
"T204.jpg",2202.779220779221,29.454545454545453,2606.727272727273,408.15584415584414,"Insulator"
"T204.jpg",3208.4415584415583,504.93506493506493,3566.1038961038957,942.5454545454545,"Insulator"
"T204.jpg",2362.6753246753246,0,3061.1688311688313,3858.5454545454545,"Pole"
"T200.jpg",2324.805194805195,21.03896103896104,3212.6493506493507,3845.922077922078,"Pole"
"T201.jpg",2396.3376623376626,21.03896103896104,3006.4675324675327,3888,"Pole"
"T206.jpg",2314.285714285714,0,3059.064935064935,3888,"Pole"
"T206.jpg",3027.5064935064934,277.7142857142857,3448.285714285714,614.3376623376623,"Insulator"
"T205.jpg",927.8181818181819,1864.051948051948,1289.6883116883118,2196.4675324675327,"Insulator"
"T205.jpg",1293.896103896104,1384.3636363636365,1462.2077922077924,1603.1688311688313,"Insulator"
"T205.jpg",1399.090909090909,1165.5584415584415,1601.064935064935,1375.948051948052,"Insulator"
"T205.jpg",1643.142857142857,795.2727272727273,1895.6103896103896,1140.3116883116882,"Insulator"
"T205.jpg",2455.246753246753,1123.4805194805194,2699.298701298701,1426.4415584415583,"Insulator"
"T205.jpg",2480.4935064935066,1464.3116883116884,2682.4675324675327,1670.4935064935066,"Insulator"
"T205.jpg",2484.7012987012986,1800.935064935065,2674.051948051948,2040.7792207792209,"Insulator"
"T205.jpg",1735.7142857142858,2145.974025974026,2089.1688311688313,2503.636363636364,"Insulator"
"T205.jpg",2539.4025974025976,2444.727272727273,2901.2727272727275,2810.8051948051952,"Insulator"
"T205.jpg",3094.8311688311687,2970.7012987012986,3486.155844155844,3193.714285714286,"Insulator"
"T205.jpg",3044.337662337663,2297.454545454546,3515.6103896103905,2520.467532467533,"Insulator"
"T205.jpg",3052.753246753247,2032.3636363636365,3212.6493506493507,2230.12987012987,"Insulator"
"T205.jpg",3187.4025974025976,1779.896103896104,3393.5844155844156,1994.4935064935066,"Insulator"
"T205.jpg",3006.4675324675327,1628.4155844155844,3393.5844155844156,1805.142857142857,"Insulator"
"T205.jpg",3288.3896103896104,1354.909090909091,3536.6493506493507,1678.909090909091,"Insulator"
"T205.jpg",2198.5714285714284,1624.2077922077922,2854.987012987013,3888,"Pole"
"T208.jpg",1049.844155844156,1569.5064935064936,1390.6753246753246,1897.7142857142858,"Insulator"
"T208.jpg",1007.7662337662338,1927.1688311688313,1281.2727272727273,2209.090909090909,"Insulator"
"T208.jpg",2526.779220779221,1169.7662337662339,2796.0779220779223,1476.935064935065,"Insulator"
"T208.jpg",2467.87012987013,1497.974025974026,2745.5844155844156,1784.1038961038962,"Insulator"
"T208.jpg",3940.597402597403,1901.922077922078,4264.597402597403,2188.051948051948,"Insulator"
"T208.jpg",3915.3506493506493,2246.961038961039,4201.480519480519,2533.090909090909,"Insulator"
"T208.jpg",3027.5064935064934,2991.7402597402597,3296.805194805195,3391.4805194805194,"Insulator"
"T208.jpg",2164.909090909091,3681.818181818182,2505.7402597402597,3888,"Insulator"
"T208.jpg",2350.051948051948,1699.948051948052,2804.493506493506,3888,"Pole"
"T209.jpg",932.025974025974,0,1277.064935064935,244.05194805194805,"Insulator"
"T209.jpg",2215.4025974025976,0,2783.454545454546,3862.753246753247,"Pole"
"T207.jpg",2286.935064935065,0,2884.4415584415583,3883.792207792208,"Pole"
"T21.jpg",2278.5194805194806,0,2888.6493506493507,3862.753246753247,"Pole"
"T210.jpg",1424.3376623376623,820.5194805194806,1845.1168831168832,1367.5324675324675,"Insulator"
"T210.jpg",1580.0259740259742,2533.090909090909,1908.2337662337663,2920.207792207792,"Insulator"
"T210.jpg",2640.3896103896104,2491.012987012987,2934.935064935065,2937.038961038961,"Insulator"
"T210.jpg",3027.5064935064934,2293.246753246753,3233.6883116883114,2545.7142857142853,"Insulator"
"T210.jpg",3696.5454545454545,2440.5194805194806,3961.6363636363635,2857.090909090909,"Insulator"
"T210.jpg",3789.1168831168834,2242.753246753247,4066.831168831169,2533.090909090909,"Insulator"
"T210.jpg",3553.4805194805194,803.6883116883117,3902.7272727272725,1195.0129870129872,"Insulator"
"T210.jpg",2552.025974025974,854.1818181818182,2859.194805194805,1211.844155844156,"Insulator"
"T210.jpg",2379.5064935064934,1451.6883116883116,2867.6103896103896,2070.233766233766,"Pole"
"T210.jpg",1344.3896103896104,2293.246753246753,1580.025974025974,2604.6233766233763,"Insulator"
"T212.jpg",2377.4025974025976,0,2741.3766233766237,3648.155844155844,"Pole"
"T211.jpg",1091.922077922078,1287.5844155844156,1420.1298701298701,1615.7922077922078,"Insulator"
"T211.jpg",1037.2207792207791,1729.4025974025974,1432.7532467532467,2091.272727272727,"Insulator"
"T211.jpg",2063.9220779220777,618.5454545454545,2472.077922077922,972,"Insulator"
"T211.jpg",2863.4025974025976,1165.5584415584415,3267.3506493506497,1502.181818181818,"Insulator"
"T211.jpg",3671.2987012987014,1683.1168831168832,4083.662337662338,2032.3636363636365,"Insulator"
"T211.jpg",2686.6753246753246,2823.4285714285716,3014.883116883117,3210.5454545454545,"Insulator"
"T211.jpg",2985.4285714285716,2617.246753246753,3200.0259740259744,2869.7142857142853,"Insulator"
"T211.jpg",1874.5714285714287,2213.2987012987014,2215.4025974025976,2621.4545454545455,"Insulator"
"T211.jpg",2333.220779220779,1561.090909090909,2690.8831168831166,3875.3766233766232,"Pole"
"T213.jpg",2320.597402597403,12.623376623376624,3141.1168831168834,3888,"Pole"
"T217.jpg",2034.4675324675325,0,2926.5194805194806,3845.922077922078,"Pole"
"T214.jpg",944.6493506493507,1380.155844155844,1268.6493506493507,1674.7012987012986,"Insulator"
"T214.jpg",990.9350649350649,1611.5844155844156,1256.025974025974,2057.6103896103896,"Insulator"
"T214.jpg",1769.3766233766235,1380.155844155844,2063.922077922078,1792.5194805194806,"Insulator"
"T214.jpg",2009.2207792207791,1106.6493506493507,2362.6753246753246,1468.5194805194806,"Insulator"
"T214.jpg",3052.753246753247,866.8051948051948,3410.415584415585,1237.090909090909,"Insulator"
"T214.jpg",3456.7012987012986,913.0909090909091,3717.5844155844156,1418.025974025974,"Insulator"
"T214.jpg",3671.2987012987014,2238.5454545454545,3961.636363636364,2642.4935064935066,"Insulator"
"T214.jpg",2615.1428571428573,2545.714285714286,2922.3116883116886,2911.792207792208,"Insulator"
"T214.jpg",1546.3636363636365,2823.4285714285716,1832.4935064935066,3197.922077922078,"Insulator"
"T214.jpg",2375.2987012987014,1678.909090909091,2812.909090909091,3888,"Pole"
"T218.jpg",2034.4675324675325,1388.5714285714287,2434.2077922077924,1775.6883116883118,"Insulator"
"T218.jpg",2884.4415584415583,727.948051948052,3284.181818181818,997.2467532467533,"Insulator"
"T218.jpg",2884.4415584415583,1422.2337662337663,3305.220779220779,1813.5584415584417,"Insulator"
"T218.jpg",2892.857142857143,2204.883116883117,3275.766233766234,2541.506493506494,"Insulator"
"T218.jpg",2922.311688311688,2966.4935064935066,3242.1038961038957,3324.1558441558445,"Insulator"
"T218.jpg",2488.909090909091,879.4285714285714,2842.3636363636365,3841.714285714286,"Pole"
"T215.jpg",793.1688311688312,1910.3376623376623,1150.8311688311687,2394.2337662337663,"Insulator"
"T215.jpg",2093.3766233766232,1901.922077922078,2413.1688311688313,2448.935064935065,"Insulator"
"T215.jpg",3317.844155844156,1805.142857142857,3688.12987012987,2322.7012987012986,"Insulator"
"T215.jpg",2000.8051948051948,12.623376623376624,3486.155844155844,1338.077922077922,"Pole"
"T22.jpg",1411.7142857142858,917.2987012987013,1659.974025974026,1224.4675324675325,"Insulator"
"T22.jpg",2459.4545454545455,959.3766233766233,2732.961038961039,1258.1298701298701,"Insulator"
"T22.jpg",3460.909090909091,1384.3636363636365,3704.961038961039,1641.0389610389611,"Insulator"
"T22.jpg",2791.87012987013,3282.0779220779223,3115.87012987013,3883.792207792208,"Pole"
"T22.jpg",2211.194805194805,1245.5064935064936,2686.6753246753246,3866.961038961039,"Pole"
"T221.jpg",1424.3376623376623,1918.7532467532467,1702.051948051948,2141.7662337662337,"Insulator"
"T221.jpg",1462.2077922077922,2259.5844155844156,1689.4285714285713,2524.6753246753246,"Insulator"
"T221.jpg",1525.3246753246754,2756.103896103896,2034.4675324675325,3025.4025974025976,"Insulator"
"T221.jpg",1495.8701298701299,3723.896103896104,2206.9870129870133,3888,"Insulator"
"T221.jpg",3136.909090909091,3631.3246753246754,3393.5844155844156,3888,"Insulator"
"T221.jpg",3772.285714285714,2171.220779220779,4071.038961038961,2423.688311688312,"Insulator"
"T221.jpg",3696.5454545454545,1805.142857142857,3982.6753246753246,2057.6103896103896,"Insulator"
"T221.jpg",3010.6753246753246,1699.948051948052,3364.12987012987,1956.6233766233765,"Insulator"
"T221.jpg",3023.2987012987014,2141.7662337662337,3347.2987012987014,2394.233766233766,"Insulator"
"T221.jpg",2564.6493506493507,1885.090909090909,2812.909090909091,2129.142857142857,"Insulator"
"T221.jpg",2598.311688311688,1573.7142857142858,2817.116883116883,1809.3506493506493,"Insulator"
"T221.jpg",2606.727272727273,1864.051948051948,2989.636363636364,3854.3376623376626,"Pole"
"T220.jpg",3115.87012987013,1434.857142857143,3671.2987012987014,1729.4025974025974,"Insulator"
"T220.jpg",3153.7402597402597,2217.5064935064934,3524.025974025974,2486.805194805195,"Insulator"
"T220.jpg",3132.7012987012986,2974.909090909091,3511.402597402597,3252.6233766233768,"Insulator"
"T220.jpg",2589.896103896104,1872.4675324675325,2922.311688311688,2221.714285714286,"Insulator"
"T220.jpg",2552.025974025974,757.4025974025974,2787.6623376623374,1173.974025974026,"Insulator"
"T220.jpg",2461.5584415584417,1211.844155844156,2846.571428571429,3888,"Pole"
"T222.jpg",536.4935064935065,1380.155844155844,843.6623376623377,1691.5324675324675,"Insulator"
"T222.jpg",549.1168831168832,1859.844155844156,915.1948051948052,2183.844155844156,"Insulator"
"T222.jpg",2160.7012987012986,1535.844155844156,2497.3246753246754,1834.5974025974026,"Insulator"
"T222.jpg",2228.025974025974,1893.5064935064936,2518.363636363636,2221.714285714286,"Insulator"
"T222.jpg",3873.2727272727275,1363.3246753246754,4180.441558441558,1683.1168831168832,"Insulator"
"T222.jpg",3906.935064935065,1876.6753246753246,4251.974025974026,2221.714285714286,"Insulator"
"T222.jpg",2741.3766233766232,828.9350649350649,3010.6753246753246,1173.974025974026,"Insulator"
"T222.jpg",2068.12987012987,1068.7792207792209,2623.5584415584417,1864.051948051948,"Pole"
"T219.jpg",2884.4415584415583,63.116883116883116,3200.025974025974,370.2857142857143,"Insulator"
"T219.jpg",2451.038961038961,0,2766.6233766233768,3829.090909090909,"Pole"
"T224.jpg",1424.3376623376623,1380.155844155844,2148.0779220779223,2019.7402597402597,"Insulator"
"T224.jpg",2509.948051948052,4.207792207792208,2989.636363636364,584.8831168831168,"Insulator"
"T224.jpg",2400.5454545454545,2347.948051948052,2913.896103896104,3126.3896103896104,"Insulator"
"T224.jpg",2312.181818181818,1232.8831168831168,2918.1038961038957,2608.8311688311687,"Pole"
"T225.jpg",3448.285714285714,3008.5714285714284,4327.714285714285,3816.4675324675322,"Light"
"T225.jpg",2732.961038961039,1152.935064935065,3338.8831168831166,1514.8051948051948,"Insulator"
"T225.jpg",1335.974025974026,1051.948051948052,2514.1558441558445,2040.7792207792209,"Pole"
"T226.jpg",3136.909090909091,854.1818181818182,3486.155844155844,1148.7272727272727,"Insulator"
"T226.jpg",3056.961038961039,1510.5974025974026,3355.714285714286,1843.012987012987,"Insulator"
"T226.jpg",2993.844155844156,2133.3506493506493,3174.779220779221,2461.5584415584417,"Insulator"
"T226.jpg",2068.12987012987,639.5844155844156,2867.6103896103896,3858.5454545454545,"Pole"
"T227.jpg",3801.7402597402597,1821.974025974026,4453.948051948052,2469.974025974026,"Light"
"T227.jpg",1857.7402597402597,0,2766.6233766233768,3829.090909090909,"Pole"
"T223.jpg",2282.727272727273,0,2825.5324675324678,3505.090909090909,"Pole"
"T231.jpg",2059.714285714286,8.415584415584416,3368.3376623376626,3025.4025974025976,"Pole"
"T229.jpg",852.077922077922,0,1514.8051948051948,639.5844155844156,"Light"
"T229.jpg",1643.142857142857,568.0519480519481,1933.4805194805194,917.2987012987014,"Insulator"
"T229.jpg",1773.5844155844156,1051.948051948052,2026.051948051948,1388.5714285714284,"Insulator"
"T229.jpg",1878.7792207792209,1502.1818181818182,2139.662337662338,1834.5974025974026,"Insulator"
"T229.jpg",2228.025974025974,584.8831168831169,3481.948051948052,3866.9610389610393,"Pole"
"T23.jpg",2164.909090909091,16.83116883116883,2884.4415584415583,3084.311688311688,"Pole"
"T230.jpg",2261.688311688312,0,2823.4285714285716,3824.883116883117,"Pole"
"T228.jpg",1361.2207792207791,1944,1676.8051948051948,2209.090909090909,"Insulator"
"T228.jpg",1630.5194805194806,1367.5324675324675,1887.1948051948052,1670.4935064935066,"Insulator"
"T228.jpg",2463.662337662338,2406.857142857143,2867.61038961039,2642.4935064935066,"Insulator"
"T228.jpg",3178.9870129870133,3080.103896103896,3469.324675324676,3298.909090909091,"Insulator"
"T228.jpg",3982.6753246753246,1922.961038961039,4251.974025974026,2175.4285714285716,"Insulator"
"T228.jpg",3885.896103896104,2221.714285714286,4222.519480519481,2444.727272727273,"Insulator"
"T228.jpg",3082.2077922077924,1312.831168831169,3326.2597402597403,1535.844155844156,"Insulator"
"T228.jpg",2286.935064935065,374.4935064935065,2728.753246753247,660.6233766233767,"Insulator"
"T228.jpg",2568.857142857143,1716.7792207792209,3078.0000000000005,2074.4415584415583,"Pole"
"T228.jpg",2636.181818181818,1540.051948051948,2930.7272727272725,1775.6883116883118,"Insulator"
"T236.jpg",2438.4155844155844,1110.857142857143,2913.896103896104,1590.5454545454545,"Insulator"
"T236.jpg",3242.103896103896,2680.3636363636365,3734.4155844155844,3160.0519480519483,"Insulator"
"T236.jpg",2249.064935064935,1800.935064935065,3355.714285714286,3109.5584415584417,"Pole"
"T233.jpg",1287.5844155844159,1742.0259740259742,1601.0649350649353,2087.064935064935,"Insulator"
"T233.jpg",2543.6103896103896,1283.3766233766235,2913.896103896104,1704.1558441558443,"Insulator"
"T233.jpg",3818.5714285714284,1649.4545454545455,4087.87012987013,1998.7012987012988,"Insulator"
"T233.jpg",2434.2077922077924,1695.7402597402597,2922.3116883116886,3850.12987012987,"Pole"
"T235.jpg",2522.5714285714284,0,3031.714285714286,3833.2987012987014,"Pole"
"T235.jpg",3351.5064935064934,639.5844155844156,4037.3766233766232,1195.0129870129872,"Insulator"
"T235.jpg",4121.532467532467,0,4474.987012987012,269.2987012987013,"Insulator"
"T235.jpg",965.6883116883117,0,1348.5974025974026,294.54545454545456,"Insulator"
"T234.jpg",2223.818181818182,0,2762.415584415585,3854.3376623376626,"Pole"
"T232.jpg",1340.1818181818182,1413.8181818181818,1563.1948051948052,1657.8701298701299,"Insulator"
"T232.jpg",2320.597402597403,1426.4415584415585,2577.2727272727275,1615.7922077922078,"Insulator"
"T232.jpg",3275.7662337662337,1384.3636363636365,3524.025974025974,1632.6233766233768,"Insulator"
"T232.jpg",2160.7012987012986,1472.7272727272727,2589.896103896104,1817.7662337662337,"Pole"
"T232.jpg",1864.051948051948,1994.493506493507,2131.2467532467535,2284.8311688311687,"Pole"
"T24.jpg",2825.5324675324678,1207.6363636363637,3279.974025974026,3761.766233766234,"Pole"
"T24.jpg",2350.051948051948,4.207792207792208,2867.6103896103896,3829.0909090909095,"Pole"
"T239.jpg",2707.714285714286,2663.5324675324678,3094.8311688311687,2953.87012987013,"Insulator"
"T239.jpg",2392.12987012987,1986.077922077922,3065.3766233766237,2680.3636363636365,"Pole"
"T238.jpg",969.8961038961039,1371.7402597402597,1268.6493506493507,1687.3246753246754,"Insulator"
"T238.jpg",2350.051948051948,950.961038961039,2703.5064935064934,1329.6623376623377,"Insulator"
"T238.jpg",3751.246753246753,1203.4285714285716,4024.7532467532465,1598.961038961039,"Insulator"
"T238.jpg",2371.090909090909,1026.7012987012988,2749.7922077922076,3820.675324675325,"Pole"
"T237.jpg",2556.2337662337663,4.207792207792208,3006.4675324675327,3845.922077922078,"Pole"
"T237.jpg",2164.909090909091,534.3896103896104,2547.818181818182,3888,"Pole"
"T240.jpg",2901.2727272727275,2440.5194805194806,3200.0259740259744,3858.5454545454545,"Pole"
"T240.jpg",2387.922077922078,0,2728.753246753247,3875.3766233766232,"Pole"
"T245.jpg",2350.051948051948,12.623376623376624,2926.5194805194806,3875.3766233766237,"Pole"
"T242.jpg",294.54545454545456,1354.909090909091,666.9350649350649,1767.2727272727275,"Insulator"
"T242.jpg",1929.2727272727273,988.8311688311688,2299.5584415584417,1413.8181818181818,"Insulator"
"T242.jpg",3658.6753246753246,1354.909090909091,4024.753246753247,1742.0259740259742,"Insulator"
"T242.jpg",1880.8831168831168,854.1818181818184,2522.5714285714284,3866.9610389610393,"Pole"
"T241.jpg",1075.090909090909,1304.4155844155844,1382.2597402597403,1624.2077922077922,"Insulator"
"T241.jpg",1020.3896103896104,1737.8181818181818,1289.6883116883118,2002.909090909091,"Insulator"
"T241.jpg",1542.155844155844,1056.155844155844,1925.064935064935,1300.2077922077922,"Insulator"
"T241.jpg",2408.961038961039,1056.155844155844,2699.2987012987014,1283.3766233766232,"Insulator"
"T241.jpg",2324.805194805195,1413.8181818181818,2631.974025974026,1657.8701298701299,"Insulator"
"T241.jpg",3704.961038961039,1443.2727272727273,4087.87012987013,1742.025974025974,"Insulator"
"T241.jpg",3700.753246753247,1897.7142857142858,4020.545454545455,2167.012987012987,"Insulator"
"T241.jpg",1373.844155844156,2124.935064935065,1744.1298701298701,2314.285714285714,"Insulator"
"T241.jpg",1159.2467532467533,3252.6233766233768,1483.2467532467533,3446.1818181818185,"Insulator"
"T241.jpg",2421.5844155844156,3240,2695.090909090909,3484.051948051948,"Insulator"
"T241.jpg",2299.5584415584417,1367.5324675324675,2842.3636363636365,3850.12987012987,"Pole"
"T244.jpg",2206.987012987013,2066.025974025974,2695.090909090909,2457.3506493506493,"Pole"
"T243.jpg",2219.6103896103896,0,2892.857142857143,3866.961038961039,"Pole"
"T243.jpg",2964.3896103896104,1258.1298701298701,3625.012987012987,3888,"Pole"
"T246.jpg",3153.7402597402597,345.038961038961,3877.4805194805194,833.1428571428571,"Insulator"
"T246.jpg",2320.597402597403,0,2846.571428571429,3862.753246753247,"Pole"
"T249.jpg",1605.2727272727273,584.8831168831169,1861.948051948052,1001.4545454545455,"Insulator"
"T249.jpg",2442.6233766233768,509.14285714285717,2716.12987012987,963.5844155844156,"Insulator"
"T249.jpg",3267.3506493506493,504.93506493506493,3620.805194805195,997.2467532467533,"Insulator"
"T249.jpg",3279.974025974026,1998.7012987012988,3738.6233766233768,2453.1428571428573,"Insulator"
"T249.jpg",2455.246753246753,1952.4155844155844,2791.87012987013,2419.4805194805194,"Insulator"
"T249.jpg",1542.155844155844,1998.7012987012988,1874.5714285714284,2444.727272727273,"Insulator"
"T249.jpg",2383.714285714286,1380.155844155844,2804.4935064935066,1712.5714285714284,"Pole"
"T249.jpg",1586.3376623376623,1266.5454545454545,1744.1298701298701,1497.974025974026,"Insulator"
"T249.jpg",2257.4805194805194,1296,2488.909090909091,1460.1038961038962,"Insulator"
"T249.jpg",3431.4545454545455,1321.2467532467533,3625.012987012987,1489.5584415584417,"Insulator"
"T248.jpg",2484.7012987012986,1190.8051948051948,2960.181818181818,3845.9220779220777,"Pole"
"T247.jpg",2724.5454545454545,1043.5324675324675,3048.5454545454545,1338.077922077922,"Insulator"
"T247.jpg",2522.5714285714284,921.5064935064935,3021.194805194805,3475.6363636363635,"Pole"
"T25.jpg",898.3636363636364,1115.064935064935,1239.1948051948052,1502.1818181818182,"Insulator"
"T25.jpg",2160.7012987012986,799.4805194805195,2493.116883116883,1140.3116883116884,"Insulator"
"T25.jpg",3393.5844155844156,887.8441558441558,3768.0779220779223,1249.7142857142858,"Insulator"
"T25.jpg",2097.5844155844156,631.1688311688312,2644.597402597403,3850.12987012987,"Pole"
"T254.jpg",2497.3246753246754,685.8701298701299,2695.090909090909,1253.922077922078,"Insulator"
"T254.jpg",2737.1688311688313,1127.6883116883116,3014.883116883117,1418.025974025974,"Insulator"
"T254.jpg",2846.5714285714284,1519.012987012987,3128.493506493506,1771.4805194805194,"Insulator"
"T254.jpg",2821.3246753246754,1897.7142857142858,3069.5844155844156,2124.935064935065,"Insulator"
"T254.jpg",2295.3506493506493,1468.5194805194806,2661.4285714285716,1939.7922077922078,"Pole"
"T252.jpg",1323.3506493506493,2095.4805194805194,1672.5974025974026,2570.961038961039,"Insulator"
"T252.jpg",1811.4545454545455,1030.909090909091,2072.3376623376626,1396.987012987013,"Insulator"
"T252.jpg",2631.974025974026,1253.922077922078,2926.5194805194806,1620,"Insulator"
"T252.jpg",3486.155844155844,1497.974025974026,3789.116883116883,1834.5974025974028,"Insulator"
"T252.jpg",2156.4935064935066,2352.155844155844,2476.2857142857147,2823.4285714285716,"Insulator"
"T252.jpg",3010.6753246753246,2545.714285714286,3330.4675324675327,2907.5844155844156,"Insulator"
"T252.jpg",2371.090909090909,1779.896103896104,2695.090909090909,3883.7922077922076,"Pole"
"T252.jpg",1537.948051948052,1615.7922077922078,1731.5064935064934,1817.7662337662339,"Insulator"
"T252.jpg",2661.4285714285716,1931.3766233766235,2838.155844155844,2133.3506493506493,"Insulator"
"T252.jpg",3279.974025974026,2108.103896103896,3519.818181818182,2326.909090909091,"Insulator"
"T250.jpg",1302.3116883116884,1296,1622.1038961038962,1611.5844155844156,"Insulator"
"T250.jpg",2181.7402597402597,929.922077922078,2539.402597402597,1422.2337662337663,"Insulator"
"T250.jpg",3065.3766233766232,685.8701298701299,3414.6233766233763,1140.3116883116884,"Insulator"
"T250.jpg",1521.1168831168834,1821.974025974026,1752.545454545455,2137.5584415584417,"Insulator"
"T250.jpg",2270.103896103896,1636.831168831169,2472.0779220779223,1859.844155844156,"Insulator"
"T250.jpg",3448.285714285714,1308.6233766233765,3654.4675324675322,1493.7662337662337,"Insulator"
"T250.jpg",3658.6753246753246,2091.2727272727275,4041.5844155844156,2469.974025974026,"Insulator"
"T250.jpg",2770.8311688311687,2377.4025974025976,3056.961038961039,2768.727272727273,"Insulator"
"T250.jpg",1849.3246753246754,2625.662337662338,2080.753246753247,3016.9870129870133,"Insulator"
"T250.jpg",2488.909090909091,1708.3636363636365,2909.688311688312,3854.3376623376626,"Pole"
"T253.jpg",2211.194805194805,0,2467.87012987013,281.9220779220779,"Insulator"
"T253.jpg",3069.5844155844156,25.246753246753247,3359.9220779220777,345.0389610389611,"Insulator"
"T253.jpg",2244.857142857143,0,2766.6233766233768,3871.1688311688313,"Pole"
"T251.jpg",2333.220779220779,0,2884.4415584415583,3391.4805194805194,"Pole"
"T251.jpg",2575.1688311688313,54.701298701298704,2916,399.7402597402597,"Insulator"
"T251.jpg",1655.7662337662339,328.20779220779224,1954.5194805194806,694.2857142857143,"Insulator"
"T259.jpg",3023.2987012987014,1354.909090909091,3385.1688311688313,1864.051948051948,"Insulator"
"T259.jpg",2699.2987012987014,698.4935064935065,3006.4675324675327,1115.064935064935,"Insulator"
"T259.jpg",2148.0779220779223,2040.7792207792209,2539.4025974025976,2549.922077922078,"Insulator"
"T259.jpg",2421.5844155844156,1363.3246753246754,2804.4935064935066,3854.3376623376626,"Pole"
"T256.jpg",2135.4545454545455,1220.2597402597403,2514.155844155844,1586.3376623376623,"Insulator"
"T256.jpg",1904.0259740259742,976.2077922077922,2177.5324675324678,1195.012987012987,"Insulator"
"T256.jpg",2194.3636363636365,2213.2987012987014,2484.7012987012986,2503.636363636364,"Insulator"
"T256.jpg",2177.5324675324678,1725.1948051948052,2526.779220779221,2044.987012987013,"Insulator"
"T256.jpg",2594.103896103896,1868.2597402597403,2888.6493506493507,2175.4285714285716,"Insulator"
"T256.jpg",2585.688311688312,2322.7012987012986,2905.4805194805194,2638.285714285714,"Insulator"
"T256.jpg",3010.6753246753246,2318.4935064935066,3343.090909090909,2688.779220779221,"Insulator"
"T256.jpg",2960.181818181818,1796.7272727272727,3372.5454545454545,2192.2597402597403,"Insulator"
"T256.jpg",3027.5064935064934,1241.2987012987014,3359.9220779220777,1594.753246753247,"Insulator"
"T256.jpg",2623.5584415584417,1409.6103896103896,2888.6493506493507,1683.116883116883,"Insulator"
"T256.jpg",2491.012987012987,719.5324675324675,2846.571428571429,3888,"Pole"
"T257.jpg",2169.116883116883,12.623376623376624,3178.987012987013,3858.545454545455,"Pole"
"T255.jpg",2379.5064935064934,0,2806.5974025974024,3425.1428571428573,"Pole"
"T258.jpg",2636.181818181818,4.207792207792208,3048.5454545454545,2049.194805194805,"Pole"
"T262.jpg",1420.1298701298701,3117.974025974026,1920.857142857143,3774.3896103896104,"Light"
"T262.jpg",1773.5844155844156,1784.1038961038962,2080.753246753247,2158.597402597403,"Insulator"
"T262.jpg",957.2727272727273,1283.3766233766235,1234.987012987013,1683.1168831168832,"Insulator"
"T262.jpg",1643.142857142857,218.80519480519482,1870.3636363636363,471.27272727272725,"Insulator"
"T262.jpg",1937.6883116883116,403.94805194805195,2118.6233766233763,614.3376623376623,"Insulator"
"T262.jpg",2240.6493506493507,580.6753246753246,2430,803.6883116883116,"Insulator"
"T262.jpg",2564.6493506493507,2318.4935064935066,2871.818181818182,2671.948051948052,"Insulator"
"T262.jpg",3212.6493506493507,1346.4935064935066,3435.662337662338,1577.9220779220782,"Insulator"
"T262.jpg",2160.7012987012986,1098.2337662337663,2354.2597402597403,1312.831168831169,"Insulator"
"T262.jpg",2522.5714285714284,774.2337662337662,2695.090909090909,1030.909090909091,"Insulator"
"T262.jpg",2926.5194805194806,2133.3506493506493,3162.155844155844,2402.6493506493507,"Insulator"
"T262.jpg",3486.155844155844,1460.1038961038962,3717.5844155844156,1662.0779220779223,"Insulator"
"T262.jpg",2228.025974025974,1645.2467532467533,2446.8311688311687,1918.753246753247,"Insulator"
"T262.jpg",2139.662337662338,1220.2597402597403,2547.818181818182,1439.064935064935,"Pole"
"T262.jpg",1079.2987012987014,934.1298701298701,1314.935064935065,1169.7662337662337,"Insulator"
"T262.jpg",1176.077922077922,1434.857142857143,1365.4285714285713,1649.4545454545455,"Insulator"
"T260.jpg",4092.0779220779223,1102.4415584415585,4731.662337662337,1674.7012987012988,"Light"
"T260.jpg",2455.246753246753,0,2766.6233766233763,2491.012987012987,"Pole"
"T263.jpg",1037.2207792207791,791.0649350649351,1348.5974025974026,1148.7272727272727,"Insulator"
"T263.jpg",2089.1688311688313,723.7402597402597,2354.2597402597403,1072.987012987013,"Insulator"
"T263.jpg",2324.805194805195,555.4285714285714,2526.779220779221,803.6883116883117,"Insulator"
"T263.jpg",2865.5064935064934,875.2207792207793,3115.87012987013,1094.0259740259742,"Insulator"
"T263.jpg",2977.012987012987,635.3766233766233,3275.766233766234,892.0519480519481,"Insulator"
"T263.jpg",3166.3636363636365,593.2987012987013,3444.0779220779223,917.2987012987013,"Insulator"
"T263.jpg",3355.714285714286,2339.5324675324678,3608.181818181818,2756.103896103896,"Insulator"
"T263.jpg",2530.987012987013,2806.597402597403,2791.87012987013,3046.4415584415588,"Insulator"
"T263.jpg",2305.87012987013,2512.051948051948,2530.9870129870133,2911.7922077922076,"Insulator"
"T263.jpg",2379.5064935064934,3088.5194805194806,2657.220779220779,3252.6233766233768,"Insulator"
"T263.jpg",1209.7402597402597,2575.1688311688317,1516.909090909091,3038.025974025975,"Insulator"
"T263.jpg",1100.3376623376623,1990.2857142857142,1323.3506493506493,2221.714285714286,"Insulator"
"T263.jpg",2573.064935064935,1472.7272727272727,2800.285714285714,1725.1948051948052,"Insulator"
"T263.jpg",2724.5454545454545,1632.6233766233765,2979.116883116883,1838.8051948051948,"Insulator"
"T263.jpg",3364.12987012987,1742.0259740259742,3612.3896103896104,1998.7012987012988,"Insulator"
"T263.jpg",2198.5714285714284,1670.4935064935066,2442.6233766233763,1977.662337662338,"Pole"
"T261.jpg",982.5194805194806,1460.1038961038962,1285.4805194805194,1809.3506493506495,"Insulator"
"T261.jpg",948.8571428571429,1910.3376623376623,1272.857142857143,2196.4675324675327,"Insulator"
"T261.jpg",2577.272727272728,921.5064935064935,2880.233766233767,1258.1298701298701,"Insulator"
"T261.jpg",2598.311688311688,1262.3376623376623,2922.311688311688,1544.2597402597403,"Insulator"
"T261.jpg",4113.116883116883,1792.5194805194806,4462.363636363637,2158.597402597403,"Insulator"
"T261.jpg",4146.779220779221,2246.961038961039,4462.363636363636,2520.4675324675322,"Insulator"
"T261.jpg",2408.961038961039,1464.3116883116884,2905.4805194805194,3820.675324675325,"Pole"
"T261.jpg",1483.2467532467533,2352.155844155844,2030.2597402597403,2667.7402597402597,"Insulator"
"T261.jpg",2055.5064935064934,2520.4675324675327,2270.1038961038957,2869.714285714286,"Insulator"
"T26.jpg",2796.0779220779223,2297.4545454545455,3322.0519480519483,3235.7922077922076,"Light"
"T26.jpg",1874.5714285714287,2886.5454545454545,2320.597402597403,3888,"Pole"
"T26.jpg",2265.896103896104,12.623376623376624,2863.402597402597,3850.12987012987,"Pole"
"T264.jpg",1218.155844155844,1464.3116883116884,1596.8571428571427,1800.935064935065,"Insulator"
"T264.jpg",1369.6363636363637,1981.8701298701299,1601.064935064935,2297.4545454545455,"Insulator"
"T264.jpg",1588.4415584415585,1830.3896103896104,1807.2467532467533,2099.688311688312,"Insulator"
"T264.jpg",1790.4155844155844,1556.8831168831168,2055.5064935064934,1876.6753246753246,"Insulator"
"T264.jpg",2063.9220779220777,1758.857142857143,2320.5974025974024,2040.7792207792209,"Insulator"
"T264.jpg",1992.3896103896104,1451.6883116883116,2215.4025974025976,1649.4545454545455,"Insulator"
"T264.jpg",1638.935064935065,727.948051948052,1811.4545454545455,946.7532467532468,"Insulator"
"T264.jpg",1878.7792207792209,366.0779220779221,2202.779220779221,660.6233766233767,"Insulator"
"T264.jpg",2674.051948051948,639.5844155844156,2947.5584415584412,946.7532467532468,"Insulator"
"T264.jpg",3439.87012987013,925.7142857142858,3717.5844155844156,1266.5454545454545,"Insulator"
"T264.jpg",2775.038961038961,2070.2337662337663,3103.2467532467535,2423.688311688312,"Insulator"
"T264.jpg",3279.974025974026,1375.948051948052,3473.5324675324678,1586.3376623376623,"Insulator"
"T264.jpg",2055.5064935064934,1161.3506493506493,2244.8571428571427,1354.9090909090908,"Insulator"
"T264.jpg",1895.6103896103896,2246.961038961039,2063.9220779220777,2423.6883116883114,"Insulator"
"T264.jpg",1592.6493506493507,2495.220779220779,1815.6623376623377,2684.5714285714284,"Insulator"
"T264.jpg",2341.6363636363635,1211.844155844156,2602.5194805194806,3858.5454545454545,"Pole"
"T268.jpg",1024.5974025974026,1674.7012987012988,1369.6363636363635,2179.636363636364,"Insulator"
"T268.jpg",2194.3636363636365,1552.6753246753246,2556.2337662337663,2049.194805194805,"Insulator"
"T268.jpg",3355.714285714286,1384.3636363636365,3772.285714285714,1847.2207792207794,"Insulator"
"T268.jpg",3355.714285714286,324,3654.4675324675327,660.6233766233767,"Insulator"
"T268.jpg",2581.4805194805194,462.8571428571429,2804.4935064935066,706.909090909091,"Insulator"
"T268.jpg",906.7792207792209,677.4545454545455,1150.831168831169,925.7142857142858,"Insulator"
"T268.jpg",2127.038961038961,349.24675324675326,2631.974025974026,1030.909090909091,"Pole"
"T267.jpg",2598.311688311688,0,2964.3896103896104,3862.753246753247,"Pole"
"T266.jpg",2408.961038961039,0,2850.779220779221,2991.7402597402597,"Pole"
"T266.jpg",2232.2337662337663,0,2484.7012987012986,210.3896103896104,"Insulator"
"T266.jpg",1828.2857142857142,0,2013.4285714285713,206.1818181818182,"Insulator"
"T266.jpg",1626.3116883116884,113.61038961038962,1819.8701298701299,433.40259740259745,"Insulator"
"T266.jpg",2093.3766233766232,387.1168831168831,2274.311688311688,614.3376623376623,"Insulator"
"T266.jpg",2981.220779220779,248.25974025974025,3279.974025974026,555.4285714285714,"Insulator"
"T265.jpg",2720.3376623376626,719.5324675324675,3052.753246753247,1022.4935064935065,"Insulator"
"T265.jpg",2244.857142857143,849.974025974026,2930.727272727273,3778.597402597403,"Pole"
"T271.jpg",2812.909090909091,113.61038961038962,3120.0779220779223,517.5584415584416,"Insulator"
"T271.jpg",1672.5974025974026,0,2030.2597402597403,214.5974025974026,"Insulator"
"T271.jpg",2089.1688311688313,0,2775.038961038961,2217.5064935064934,"Pole"
"T272.jpg",2488.909090909091,496.5194805194805,2850.779220779221,816.3116883116884,"Insulator"
"T272.jpg",1941.896103896104,1178.1818181818182,2337.4285714285716,1519.0129870129872,"Insulator"
"T272.jpg",1420.1298701298701,1952.4155844155844,1811.4545454545455,2310.0779220779223,"Insulator"
"T272.jpg",2316.3896103896104,2364.779220779221,2509.948051948052,2587.792207792208,"Insulator"
"T272.jpg",2674.051948051948,1843.012987012987,2888.6493506493507,2070.2337662337663,"Insulator"
"T272.jpg",3418.8311688311687,795.2727272727273,3654.4675324675322,1035.1168831168832,"Insulator"
"T272.jpg",2606.727272727273,1514.8051948051948,3178.9870129870133,3845.9220779220777,"Pole"
"T269.jpg",953.0649350649351,2007.1168831168832,1335.974025974026,2453.1428571428573,"Insulator"
"T269.jpg",1365.4285714285716,980.4155844155845,1584.2337662337663,1270.753246753247,"Insulator"
"T269.jpg",2068.12987012987,2289.038961038961,2442.6233766233768,2714.025974025974,"Insulator"
"T269.jpg",2913.896103896104,1354.909090909091,3166.363636363636,1662.0779220779223,"Insulator"
"T269.jpg",3633.4285714285716,1519.012987012987,3978.4675324675327,1843.012987012987,"Insulator"
"T269.jpg",3204.2337662337663,2554.12987012987,3578.727272727273,2962.285714285714,"Insulator"
"T269.jpg",2408.961038961039,1396.987012987013,3048.5454545454545,3883.7922077922076,"Pole"
"T270.jpg",763.7142857142858,1195.012987012987,1062.4675324675325,1573.7142857142858,"Insulator"
"T270.jpg",742.6753246753246,1582.1298701298701,1108.7532467532467,1935.5844155844156,"Insulator"
"T270.jpg",1323.3506493506493,2124.935064935065,1798.8311688311687,2381.6103896103896,"Insulator"
"T270.jpg",1832.4935064935066,2259.5844155844156,2084.961038961039,2587.792207792208,"Insulator"
"T270.jpg",2400.5454545454545,635.3766233766233,2707.714285714286,942.5454545454545,"Insulator"
"T270.jpg",2400.5454545454545,972,2745.5844155844156,1253.922077922078,"Insulator"
"T270.jpg",3995.2987012987014,1502.1818181818182,4281.428571428572,1838.8051948051948,"Insulator"
"T270.jpg",3957.4285714285716,1927.1688311688313,4294.051948051948,2251.1688311688313,"Insulator"
"T270.jpg",2223.818181818182,1274.961038961039,2695.090909090909,3845.9220779220777,"Pole"
"T27.jpg",1188.7012987012988,1927.1688311688313,1466.4155844155846,2158.597402597403,"Insulator"
"T27.jpg",2324.805194805195,1948.2077922077922,2564.6493506493507,2162.805194805195,"Insulator"
"T27.jpg",3166.3636363636365,1960.831168831169,3385.1688311688313,2230.12987012987,"Insulator"
"T27.jpg",1668.3896103896104,2562.5454545454545,1916.6493506493507,2747.688311688312,"Insulator"
"T27.jpg",1567.4025974025974,2966.4935064935066,1824.077922077922,3160.0519480519483,"Insulator"
"T27.jpg",2177.5324675324678,3126.3896103896104,2421.5844155844156,3307.3246753246754,"Insulator"
"T27.jpg",2093.3766233766232,2583.5844155844156,2278.5194805194806,2810.805194805195,"Insulator"
"T27.jpg",3843.818181818182,2078.6493506493507,4698,2474.181818181818,"Light"
"T27.jpg",1916.6493506493507,1178.1818181818182,2249.064935064935,1405.4025974025974,"Insulator"
"T27.jpg",3048.5454545454545,1380.155844155844,3372.5454545454545,1615.7922077922076,"Insulator"
"T27.jpg",3183.194805194805,2861.2987012987014,3343.090909090909,3176.883116883117,"Insulator"
"T27.jpg",2619.3506493506493,3357.818181818182,2909.688311688312,3505.0909090909095,"Insulator"
"T27.jpg",2164.909090909091,2894.961038961039,2358.4675324675327,3122.181818181818,"Insulator"
"T27.jpg",2257.4805194805194,1380.155844155844,2484.7012987012986,1641.038961038961,"Insulator"
"T27.jpg",2080.753246753247,2116.5194805194806,2463.662337662338,2411.064935064935,"Pole"
"T27.jpg",1096.1298701298701,2785.5584415584417,1344.3896103896104,3160.0519480519483,"Insulator"
"T277.jpg",2329.012987012987,803.6883116883117,2876.0259740259744,3888,"Pole"
"T277.jpg",2072.3376623376626,1409.6103896103896,2425.792207792208,1855.6363636363635,"Insulator"
"T275.jpg",2430,871.0129870129871,2884.4415584415583,3888.0000000000005,"Pole"
"T275.jpg",3094.8311688311687,1195.012987012987,3364.12987012987,1418.025974025974,"Insulator"
"T273.jpg",1946.1038961038962,269.2987012987013,2177.5324675324678,483.8961038961039,"Insulator"
"T273.jpg",1011.974025974026,0,1449.5844155844156,168.31168831168833,"Insulator"
"T273.jpg",2278.5194805194806,0,2964.3896103896104,3277.87012987013,"Pole"
"T274.jpg",3742.8311688311687,1157.142857142857,4369.792207792208,1552.6753246753246,"Light"
"T274.jpg",2286.935064935065,1699.948051948052,2552.025974025974,1906.1298701298701,"Pole"
"T276.jpg",2345.844155844156,0,3010.6753246753246,2444.727272727273,"Pole"
"T281.jpg",2770.8311688311687,0,3372.5454545454545,3837.5064935064934,"Pole"
"T281.jpg",2581.4805194805194,25.246753246753247,2951.7662337662337,298.75324675324674,"Insulator"
"T278.jpg",2295.3506493506493,1266.5454545454545,2568.8571428571427,1577.922077922078,"Pole"
"T278.jpg",2577.2727272727275,715.3246753246754,2833.948051948052,997.2467532467533,"Insulator"
"T278.jpg",1937.6883116883116,1182.3896103896104,2202.779220779221,1443.2727272727273,"Insulator"
"T278.jpg",2291.1428571428573,1809.3506493506493,2514.1558441558445,2040.7792207792209,"Insulator"
"T278.jpg",4083.662337662338,1674.7012987012988,4832.649350649351,2087.064935064935,"Light"
"T280.jpg",4096.285714285715,2764.5194805194806,4849.480519480519,3399.896103896104,"Light"
"T280.jpg",3006.4675324675327,530.1818181818182,3250.5194805194806,757.4025974025975,"Insulator"
"T280.jpg",2261.688311688312,833.1428571428571,2484.701298701299,1182.3896103896104,"Insulator"
"T280.jpg",2324.805194805195,1245.5064935064936,2581.4805194805194,1472.7272727272727,"Insulator"
"T280.jpg",2442.6233766233768,727.948051948052,2838.1558441558445,3850.12987012987,"Pole"
"T279.jpg",2751.896103896104,1699.948051948052,3136.909090909091,2061.818181818182,"Insulator"
"T279.jpg",2152.285714285714,2032.3636363636365,2480.4935064935066,2289.038961038961,"Insulator"
"T279.jpg",1857.7402597402597,1460.1038961038962,3157.948051948052,3698.6493506493507,"Pole"
"T28.jpg",4500.233766233766,1022.4935064935065,5184,1544.2597402597403,"Light"
"T28.jpg",2425.792207792208,605.922077922078,2703.506493506494,892.0519480519481,"Insulator"
"T28.jpg",3595.5584415584417,21.03896103896104,3822.779220779221,302.9610389610389,"Insulator"
"T28.jpg",1773.5844155844156,521.7662337662338,2063.9220779220777,833.1428571428571,"Insulator"
"T28.jpg",1904.0259740259742,37.87012987012987,2173.3246753246754,357.6623376623377,"Insulator"
"T28.jpg",2350.051948051948,2772.935064935065,2699.298701298701,3888,"Pole"
"T28.jpg",2421.5844155844156,0,2602.5194805194806,164.10389610389612,"Insulator"
"T28.jpg",1512.7012987012988,33.66233766233766,1777.792207792208,189.35064935064935,"Insulator"
"T28.jpg",2434.2077922077924,0,2823.4285714285716,2756.103896103896,"Pole"